LogisticRegression(max_iter=1000),RandomForestClassifier()
0.894246,0.837977
0.897662,0.840173
0.897858,0.839343
0.897418,0.85945
0.898541,0.875994
